{"cameraMode":{"drawMode":0,"name":"Shaded","section":"Shading Mode"},"sceneLighting":true,"audioPlay":false,"sceneViewState":{"m_AlwaysRefresh":false,"showFog":true,"showSkybox":true,"showFlares":true,"showImageEffects":true,"showParticleSystems":true,"showVisualEffectGraphs":true,"m_FxEnabled":true},"in2DMode":false,"pivot":{"x":0.019113527610898019,"y":1.8981232643127442,"z":-1.6430597305297852},"rotation":{"x":-0.000022272572095971555,"y":0.9971449971199036,"z":0.07552975416183472,"w":0.00029529843595810235},"size":1.241710901260376,"orthographic":false}